alias,alias_type,prefecture,prefecture_en,notes
Αττικής,nomos,Αττικής,Attica,
Θεσσαλονίκης,nomos,Θεσσαλονίκης,Thessaloniki,
Δωδεκανήσου,nomos,Δωδεκανήσου,Dodecanese,
Έβρου,nomos,Έβρου,Evros,
Ηρακλείου,nomos,Ηρακλείου,Iraklio,
Αχαΐας,nomos,Αχαϊας,Achaia,
Δράμα,nomos,Δράμας,Drama,
Ιωάννινα,nomos,Ιωαννίνων,Ioannina,
Κορινθίας,nomos,Κορινθίας,Corinthia,
Μεσσηνία,nomos,Μεσσηνίας,Messinia,
Σερρών,nomos,Σερρών,Serres,
Αιτωλοακαρνανίας,nomos,Αιτωλοακαρνανίας,Aitoloakarnania,
Ηλείας,nomos,Ηλείας,Ilia,
Καβάλας,nomos,Καβάλας,Kavala,
Κοζάνης,nomos,Κοζάνης,Kozani,
Κυκλάδων,nomos,Κυκλάδων,Cyclades,
Λέσβου,nomos,Λέσβου,Lesvos,
Μαγνησίας,nomos,Μαγνησίας,Magnesia,
Ξάνθης,nomos,Ξάνθης,Xanthi,
Πιερίας,nomos,Πιερίας,Pieria,
Σάμου,nomos,Σάμου,Samos,
Χαλκιδικής,nomos,Χαλκιδικής,Chalkidiki,
Αργολίδας,nomos,Αργολίδας,Argolida,
Αρκαδίας,nomos,Αρκαδίας,Arcadia,
Γρεβενά,nomos,Γρεβενών,Grevena,
Ευβοίας,nomos,Εύβοιας,Evia,
Καρδίτσας,nomos,Καρδίτσας,Karditsa,
Καστοριά,nomos,Καστοριάς,Kastoria,
Κερκύρας,nomos,Κέρκυρας,Corfu,
Πέλλας,nomos,Πέλλας,Pella,
Φθιώτιδας,nomos,Φθιώτιδας,Fthiotida,
Χίου,nomos,Χίου,Chios,
Χανίων,nomos,Χανίων,Chania,
Άρτας,nomos,Άρτας,Arta,
Αχαϊα,nomos,Αχαϊας,Achaia,
Βοιωτίας,nomos,Βοιωτίας,Boeotia,
Κιλκίς,nomos,Κιλκίς,Kilkis,
Λακωνίας,nomos,Λακωνίας,Laconia,
Λαρίσης,nomos,Λάρισας,Larissa,
Λασιθίου,nomos,Λασιθίου,Lasithi,
Ροδόπης,nomos,Ροδόπης,Rodopi,
Τρικάλων,nomos,Τρικάλων,Trikala,
Αχαϊας,nomos,Αχαϊας,Achaia,
Αρκαδία,nomos,Αρκαδίας,Arcadia,
ΘΕΣΣΑΛΟΝΙΚΗΣ,nomos,Θεσσαλονίκης,Thessaloniki,
ΗΡΑΚΛΕΙΟΥ,nomos,Ηρακλείου,Iraklio,
ΑΤΤΙΚΗΣ,nomos,Αττικής,Attica,
ΑΧΑΪΑΣ,nomos,Αχαϊας,Achaia,
ΔΩΔΕΚΑΝΗΣΟΥ,nomos,Δωδεκανήσου,Dodecanese,
ΕΒΡΟΥ,nomos,Έβρου,Evros,
ΕΥΒΟΙΑΣ,nomos,Εύβοιας,Evia,
ΙΩΑΝΝΙΝΩΝ,nomos,Ιωαννίνων,Ioannina,
ΧΑΝΙΩΝ,nomos,Χανίων,Chania,
ΛΑΡΙΣΗΣ,nomos,Λάρισας,Larissa,
ΚΑΒΑΛΑΣ,nomos,Καβάλας,Kavala,
ΜΑΓΝΗΣΙΑΣ,nomos,Μαγνησίας,Magnesia,
ΑΙΤΩΛΟΑΚΑΡΝΑΝΙΑΣ,nomos,Αιτωλοακαρνανίας,Aitoloakarnania,
ΚΟΖΑΝΗΣ,nomos,Κοζάνης,Kozani,
ΚΥΚΛΑΔΩΝ,nomos,Κυκλάδων,Cyclades,
ΚΟΡΙΝΘΙΑΣ,nomos,Κορινθίας,Corinthia,
ΣΕΡΡΕΣ,nomos,Σερρών,Serres,
ΦΘΙΩΤΙΔΑΣ,nomos,Φθιώτιδας,Fthiotida,
ΑΡΓΟΛΙΔΑΣ,nomos,Αργολίδας,Argolida,
ΞΑΝΘΗΣ,nomos,Ξάνθης,Xanthi,
ΚΕΡΚΥΡΑΣ,nomos,Κέρκυρας,Corfu,
ΜΕΣΣΗΝΙΑΣ,nomos,Μεσσηνίας,Messinia,
ΡΕΘΥΜΝΟΥ,nomos,Ρεθύμνου,Rethymno,
ΛΑΚΩΝΙΑΣ,nomos,Λακωνίας,Laconia,
ΛΕΣΒΟΥ,nomos,Λέσβου,Lesvos,
ΠΙΕΡΙΑΣ,nomos,Πιερίας,Pieria,
ΧΙΟΥ,nomos,Χίου,Chios,
ΔΡΑΜΑΣ,nomos,Δράμας,Drama,
ΗΛΕΙΑΣ,nomos,Ηλείας,Ilia,
ΑΡΚΑΔΙΑΣ,nomos,Αρκαδίας,Arcadia,
ΡΟΔΟΠΗΣ,nomos,Ροδόπης,Rodopi,
ΛΑΣΙΘΙΟΥ,nomos,Λασιθίου,Lasithi,
ΤΡΙΚΑΛΩΝ,nomos,Τρικάλων,Trikala,
ΗΜΑΘΙΑΣ,nomos,Ημαθίας,Imathia,
ΧΑΛΚΙΔΙΚΗΣ,nomos,Χαλκιδικής,Chalkidiki,
ΣΑΜΟΥ,nomos,Σάμου,Samos,
ΑΡΤΑΣ,nomos,Άρτας,Arta,
ΒΟΙΩΤΙΑΣ,nomos,Βοιωτίας,Boeotia,
ΠΕΛΛΑΣ,nomos,Πέλλας,Pella,
ΚΑΡΔΙΤΣΑΣ,nomos,Καρδίτσας,Karditsa,
ΚΑΣΤΟΡΙΑΣ,nomos,Καστοριάς,Kastoria,
ΚΕΦΑΛΛΗΝΙΑΣ,nomos,Κεφαλονιάς,Kefalonia,
ΦΛΩΡΙΝΑΣ,nomos,Φλώρινας,Florina,
ΖΑΚΥΝΘΟΥ,nomos,Ζακύνθου,Zakynthos,
ΠΡΕΒΕΖΗΣ,nomos,Πρέβεζας,Preveza,
ΓΡΕΒΕΝΩΝ,nomos,Γρεβενών,Grevena,
ΕΥΡΥΤΑΝΙΑΣ,nomos,Ευρυτανίας,Evrytania,
ΚΙΛΚΙΣ,nomos,Κιλκίς,Kilkis,
ΘΕΣΠΡΩΤΙΑΣ,nomos,Θεσπρωτίας,Thesprotia,
ΛΕΥΚΑΔΑΣ,nomos,Λευκάδας,Lefkada,
ΦΩΚΙΔΑΣ,nomos,Φωκίδας,Fokida,
ΚΕΦΟΔΕ ΑΤΤΙΚΗΣ,nomos,Αττικής,Attica,
ΦΑΕ ΑΘΗΝΩΝ,nomos,Αττικής,Attica,
ΑΜΑΡΟΥΣΙΟΥ,nomos,Αττικής,Attica,
ΦΑΕ ΠΕΙΡΑΙΑ,nomos,Αττικής,Attica,
ΣΕΡΡΩΝ,nomos,Σερρών,Serres,
ΠΑΤΡΩΝ,nomos,Αχαϊας,Achaia,
ΧΟΛΑΡΓΟΥ,nomos,Αττικής,Attica,
Α ΑΘΗΝΩΝ,nomos,Αττικής,Attica,
ΠΑΛΛΗΝΗΣ,nomos,Αττικής,Attica,
Φ.Α.Ε ΑΘΗΝΩΝ,nomos,Αττικής,Attica,
ΑΓΡΙΝΙΟΥ,nomos,Αιτωλοακαρνανίας,Aitoloakarnania,
ΜΥΤΙΛΗΝΗΣ,nomos,Λέσβου,Lesvos,
Φ.Α.Ε. ΑΘΗΝΩΝ,nomos,Αττικής,Attica,
Α ΠΕΙΡΑΙΑ,nomos,Αττικής,Attica,
Εδεσσας,nomos,Πέλλας,Pella,
ΚΑΛΑΜΑΤΑΣ,nomos,Μεσσηνίας,Messinia,
ΚΑΛΛΙΘΕΑΣ,nomos,Αττικής,Attica,
ΚΟΜΟΤΗΝΗΣ,nomos,Ροδόπης,Rodopi,
ΠΤΟΛΕΜΑΪΔΑΣ,nomos,Κοζάνης,Kozani,
ΠΥΡΓΟΥ,nomos,Ηλείας,Ilia,
ΑΓΙΟΥ ΝΙΚΟΛΑΟΥ,nomos,Λασιθίου,Lasithi,
ΑΙΓΙΟΥ,nomos,Αχαϊας,Achaia,
ΑΛΕΞΑΝΔΡΟΥΠΟΛΗΣ,nomos,Έβρου,Evros,
ΒΕΡΟΙΑΣ,nomos,Ημαθίας,Imathia,
ΒΟΛΟΥ,nomos,Μαγνησίας,Magnesia,
ΙΓ ΑΘΗΝΩΝ,nomos,Αττικής,Attica,
ΚΑΤΕΡΙΝΗΣ,nomos,Πιερίας,Pieria,
ΚΟΡΙΝΘΟΥ,nomos,Κορινθίας,Corinthia,
ΛΑΡΙΣΑΣ,nomos,Λάρισας,Larissa,
ΛΙΒΑΔΕΙΑΣ,nomos,Βοιωτίας,Boeotia,
ΝΑΥΠΛΙΟΥ,nomos,Αργολίδας,Argolida,
ΝΕΑΣ ΙΩΝΙΑΣ,nomos,Αττικής,Attica,
ΡΟΔΟΥ,nomos,Δωδεκανήσου,Dodecanese,
XIOY,nomos,Χίου,Chios,
Άμφισσας,nomos,Φωκίδας,Fokida,
ΑΜΦΙΣΣΑΣ,nomos,Φωκίδας,Fokida,
Γλυφάδας,nomos,Αττικής,Attica,
Δ ΑΘΗΝΩΝ,nomos,Αττικής,Attica,
ΗΓΟΥΜΕΝΙΤΣΑΣ,nomos,Θεσπρωτίας,Thesprotia,
ΗΛΙΟΥΠΟΛΗΣ,nomos,Αττικής,Attica,
ΘΗΒΑΣ,nomos,Βοιωτίας,Boeotia,
ΚΑΒΑΛΑ,nomos,Καβάλας,Kavala,
ΚΑΡΠΕΝΗΣΙΟΥ,nomos,Ευρυτανίας,Evrytania,
ΚΩ,nomos,Δωδεκανήσου,Dodecanese,
ΛΑΜΙΑΣ,nomos,Φθιώτιδας,Fthiotida,
ΜΕΣΟΛΟΓΓΙΟΥ,nomos,Αιτωλοακαρνανίας,Aitoloakarnania,
ΠΡΕΒΕΖΑΣ,nomos,Πρέβεζας,Preveza,
ΤΡΙΠΟΛΗΣ,nomos,Αρκαδίας,Arcadia,
ΦΑΕ ΘΕΣΣΑΛΟΝΙΚΗΣ,nomos,Θεσσαλονίκης,Thessaloniki,
ΧΑΛΚΙΔΑΣ,nomos,Εύβοιας,Evia,
ΨΥΧΙΚΟΥ,nomos,Αττικής,Attica,
TRIKALVN,nomos,Τρικάλων,Trikala,
Α ΠΕΙΡΑΙΩΣ,nomos,Αττικής,Attica,
ΑΓΙΩΝ ΑΝΑΡΓΥΡΩΝ,nomos,Αττικής,Attica,
ΑΡΓΟΣΤΟΛΙΟΥ,nomos,Κεφαλονιάς,Kefalonia,
ΑΡΓΟΥΣ,nomos,Αργολίδας,Argolida,
Αγίου Νικολάου,nomos,Λασιθίου,Lasithi,
Δ ΘΕΣΣΑΛΟΝΙΚΗΣ,nomos,Θεσσαλονίκης,Thessaloniki,
Δ' ΘΕΣΣΑΛΟΝΙΚΗΣ,nomos,Θεσσαλονίκης,Thessaloniki,
Δ'ΑΘΗΝΩΝ,nomos,Αττικής,Attica,
ΔΡΑΜΑΣ 5111,nomos,Δράμας,Drama,
ΕΛΕΥΣΙΝΑΣ,nomos,Αττικής,Attica,
ΕΛΕΥΣΙΝΟΣ,nomos,Αττικής,Attica,
Ζ΄ ΘΕΣΣΑΛΟΝΙΚΗΣ,nomos,Θεσσαλονίκης,Thessaloniki,
Ηγουμενίτσας,nomos,Θεσπρωτίας,Thesprotia,
ΘΗΒΩΝ,nomos,Βοιωτίας,Boeotia,
ΙΒ ΑΘΗΝΩΝ,nomos,Αττικής,Attica,
ΙΓ'ΑΘΗΝΩΝ,nomos,Αττικής,Attica,
ΙΖ ΑΘΗΝΩΝ,nomos,Αττικής,Attica,
ΚΑΛΑΜΑΡΙΑΣ,nomos,Θεσσαλονίκης,Thessaloniki,
ΚΕΦΟΔΕ Αττικής,nomos,Αττικής,Attica,
ΚΗΦΙΣΙΑΣ,nomos,Αττικής,Attica,
Καστοριάς,nomos,Καστοριάς,Kastoria,
Λαρισας,nomos,Λάρισας,Larissa,
ΜΕΣΟΛΟΓΓΙ,nomos,Αιτωλοακαρνανίας,Aitoloakarnania,
Ν.ΙΩΝΙΑ,nomos,Αττικής,Attica,
Ν.ΙΩΝΙΑΣ,nomos,Αττικής,Attica,
ΝΑΞΟΥ,nomos,Κυκλάδων,Cyclades,
ΝΕΑ ΙΩΝΙΑ,nomos,Αττικής,Attica,
ΝΙΚΑΙΑΣ,nomos,Αττικής,Attica,
ΠΑΡΟΥ,nomos,Κυκλάδων,Cyclades,
ΠΟΛΥΓΥΡΟΥ,nomos,Χαλκιδικής,Chalkidiki,
ΣΠΑΡΤΗΣ,nomos,Λακωνίας,Laconia,
ΣΥΡΟΥ,nomos,Κυκλάδων,Cyclades,
Σύρου,nomos,Κυκλάδων,Cyclades,
Φλώρινας,nomos,Φλώρινας,Florina,
Ψυχικού,nomos,Αττικής,Attica,
ΕΔΕΣΣΑ,nomos,Πέλλας,Pella,
ΚΩ | ΚΩ,nomos,Δωδεκανήσου,Dodecanese,
Δ,nomos,Αττικής,Attica,
Δ | ΑΘΗΝΑΙΩΝ,nomos,Αττικής,Attica,
ΚΕΦΟΔΕ,nomos,Αττικής,Attica,
ΦΑΕ,nomos,Αττικής,Attica,
A ΑΘΗΝΑΣ,nomos,Αττικής,Attica,
IZ ΑΘΗΝΩΝ,nomos,Αττικής,Attica,
KOPΩΠIOY,nomos,Αττικής,Attica,
Α ΘΕΣΣΑΛΟΝΙΚΗΣ,nomos,Αττικής,Attica,
Α' ΑΘΗΝΩΝ,nomos,Αττικής,Attica,
Α' ΚΑΛΛΙΘΕΑΣ,nomos,Αττικής,Attica,
Α΄ ΘΕΣΣΑΛΟΝΙΚΗ,nomos,Θεσσαλονίκης,Thessaloniki,
Α΄ ΘΕΣΣΑΛΟΝΙΚΗΣ,nomos,Θεσσαλονίκης,Thessaloniki,
ΑΑΔΕ ΗΡΑΚΛΕΙΟΥ,nomos,Ηρακλείου,Iraklio,
ΑΛΕΞΑΝΔΡΟΥΠΟΛΗ,nomos,Έβρου,Evros,
ΑΜΠΕΛΟΚΗΠΩΝ,nomos,Αττικής,Attica,
Αγρινίου,nomos,Αιτωλοακαρνανίας,Aitoloakarnania,
Αιγίου,nomos,Αχαϊας,Achaia,
Αμαρουσίου,nomos,Αττικής,Attica,
Γ ΠΑΤΡΩΝ,nomos,Αχαϊας,Achaia,
ΓΛΥΦΑΔΑΣ,nomos,Αττικής,Attica,
Δ' Αθηνας,nomos,Αττικής,Attica,
Δ' Θεσσαλονίκης,nomos,Θεσσαλονίκης,Thessaloniki,
ΔΟΥ ΑΜΑΛΙΑΔΑΣ,nomos,Ηλείας,Ilia,
Δράμας,nomos,Δράμας,Drama,
Ε ΘΕΣΣΑΛΟΝΙΚΗΣ,nomos,Θεσσαλονίκης,Thessaloniki,
Ε΄ΘΕΣΣΑΛΟΝΙΚΗΣ,nomos,Θεσσαλονίκης,Thessaloniki,
Ε Πειραιά,nomos,Αττικής,Attica,
ΕΔΕΣΣΑΣ,nomos,Πέλλας,Pella,
Ζ Θεσσαλονικης,nomos,Θεσσαλονίκης,Thessaloniki,
ΘΗΡΑΣ,nomos,Κυκλάδων,Cyclades,
ΙΒ'ΑΘΗΝΩΝ,nomos,Αττικής,Attica,
ΚΕ.ΦΟ.ΔΕ ΑΤΤΙΚΗΣ,nomos,Αττικής,Attica,
ΚΕ.ΦΟ.ΔΕ. ΑΤΤΙΚΗΣ,nomos,Αττικής,Attica,
ΚΕΦΟΔΕ ΑΘΗΝΩΝ,nomos,Αττικής,Attica,
ΚΕΦΟΔΕ ΑΤΤΙΚΗΣ (ΠΡΩΗΝ ΧΟΛΑΡΓΟΥ),nomos,Αττικής,Attica,
ΚΗΦIΣΙΑΣ,nomos,Αττικής,Attica,
Καλαμαριάς,nomos,Θεσσαλονίκης,Thessaloniki,
Λάρισας,nomos,Λάρισας,Larissa,
Λαμίας,nomos,Φθιώτιδας,Fthiotida,
Ν ΙΩΝΙΑΣ,nomos,Αττικής,Attica,
Ξανθης,nomos,Ξάνθης,Xanthi,
ΟΡΕΣΤΙΑΔΑΣ,nomos,Έβρου,Evros,
ΠΕΡΙΣΤΕΡΙΟΥ,nomos,Αττικής,Attica,
ΠΤΟΛΕΜΑΙΔΑΣ,nomos,Κοζάνης,Kozani,
5621 | ΗΡΑΚΛΕΙΑΣ,nomos,Κυκλάδων,Cyclades,
