id,name,url,media_type,frequency,range_type,prefecture_en,content_type,status,url_status,fb,x,youtube,owner,source_name
654740b0dbed629ddd40a91fc2a11011e5ff4c18,"ΕΛΛΑΔΑ FM 94,3",https://elladafm.gr/,radio,unknown,regional,Attica,sports,operating,ok,https://www.facebook.com/ellada943fm,,,"HELLAS MEDIA GROUP IKE (ΠΡΩΗΝ ΡΑΔΙΟ ΑΤΤΙΚΗΣ ΠΡΩΤΟ ΠΛΑΝΟ ΙΚΕ)
Α ΓΕΜΗ 134207708000
ΝΟΜΙΜΟΣ ΕΚΠΡΟΣΩΠΟΣ: ΕΛΕΝΗ ΖΩΗ",esr_radio
daffbd32514489d5ca1e128a07ea52e4581f61ad,"SPOR FM ΠΑΤΡΑΣ 96,3",https://sportfmpatras.gr/,radio,unknown,regional,Achaia,sports,operating,ok,https://www.facebook.com/sportfmpatras96.3,https://x.com/SportFM_Patras,https://www.youtube.com/@sportfmpatras,ΜΑΡΙΑ ΚΑΡΑΓΕΩΡΓΟΠΟΥΛΟΥ,esr_radio
ac07bb599db8db6cb42006517d8525baf34b0b62,ΑΘΛΗΤΙΚΗ ΩΡΑ ΤΩΝ ΣΠΟΡ,https://oraspor.gr/,newspaper,daily,national,Attica,sports,operating,ok,https://www.facebook.com/Oragiaspor/,,,ΕΛΛΗΝΙΚΟΣ ΤΥΠΟΣ ΕΠΕ,mt_press
ceecdaf8432e340f9b256d6310ba738f4e2583e1,ΤΟ ΦΩΣ ΤΩΝ ΣΠΟΡ,https://www.fosonline.gr/,newspaper,daily,national,Attica,sports,operating,ok,https://www.facebook.com/FosTonSport/,https://x.com/fostonsport,https://www.youtube.com/channel/UC6GPBg-_CHUoSPbH0BoZ5IA,ΤΟ ΦΩΣ ΤΩΝ ΣΠΟΡ-ΤΟ ΦΩΣ ΤΗΣ ΔΕΥΤΕΡΑΣ,mt_press
16efa57f8afae587cdbf52036bfc5f0d558c7173,ΤΟ ΦΩΣ ΤΗΣ ΔΕΥΤΕΡΑΣ,https://www.fosonline.gr/,newspaper,unknown,national,Attica,sports,operating,ok,https://www.facebook.com/FosTonSport/,https://twitter.com/fostonsport,https://twitter.com/fostonsport,ΤΟ ΦΩΣ ΤΩΝ ΣΠΟΡ-ΤΟ ΦΩΣ ΤΗΣ ΔΕΥΤΕΡΑΣ,mt_press
0aaeef8e90c3ed95d330ca13686e3c81561c3561,MATCH ΑΧΑΙΑΣ,https://matchnews.gr/,newspaper,weekly,regional,Achaia,sports,operating,ok,http://www.facebook.com/matchnews.gr,http://www.twitter.com/matchaxaias,,MIKAD,mt_press
6501ef74e055f838bf7eba2fffc41f72bb81d08c,sportdog,https://www.sportdog.gr/,website,unknown,national,Attica,sports,operating,ok,https://www.facebook.com/sportdog,https://twitter.com/sportdoggr?lang=en,https://www.youtube.com/user/sportdogchannel?app=desktop,SPORTDOG ΜΟΝΟΠΡΟΣΩΠΗ Ι.Κ.Ε.,mt_websites
20845fb9dd0dbda38233c0e17cefaa5d7a09cb22,sportday,https://sportday.gr/,website,unknown,national,Attica,sports,operating,ok,https://www.facebook.com/sportdaygr/,https://x.com/sportdaygr,https://www.youtube.com/@sportday3064,NEWAGE SPORTSMEDIA A.E.,mt_websites
90914ab5720befff0f7e8d1d641e9ee8e55481e5,onsports,https://www.onsports.gr/,website,unknown,national,Attica,sports,operating,ok,,,,,mt_websites
bf9338b9888324d156e441463fd51f8f52710e0c,monobala,https://monobala.gr/,website,unknown,national,Attica,sports,operating,ok,https://www.facebook.com/monobala.gr/,https://twitter.com/monobalaGR,https://www.youtube.com/@monobalaGR,FOOTBALL NEWS,mt_websites
6dd507f281438f737792893c42fe1fbbe54fdad0,mysports,https://mysports.gr/,website,unknown,national,Thessaloniki,sports,operating,ok,,,,JK MEDIA GROUP,mt_websites
107c99bf59ab55717a93302faa4723e1c58edc5d,contra,https://www.contra.gr/,website,unknown,national,Attica,sports,operating,ok,https://www.facebook.com/contragr/,https://x.com/Contragr,,24 MEDIA Α.Ε ΨΗΦΙΑΚΩΝ ΕΦΑΡΜΟΓΩΝ,mt_websites
d5c7bb2024acd1c5a7d3c81dbb9bc82e37e8b549,sport24,https://www.sport24.gr/,website,unknown,national,Attica,sports,operating,ok,https://www.facebook.com/SPORT24/,https://twitter.com/sport24,https://www.youtube.com/@sport24greecetv?sub_confirmation=1,24 MEDIA Α.Ε ΨΗΦΙΑΚΩΝ ΕΦΑΡΜΟΓΩΝ,mt_websites
8c26c8ca85bcaa72b1aa94b6f16ff2569c2c2621,agriniara,https://agriniara.gr/,website,unknown,national,Aitoloakarnania,sports,operating,ok,https://www.facebook.com/agriniaragr,https://x.com/agriniaragr,https://www.youtube.com/channel/UCRsGvMmH2HTVWVyDyqUQFOg,All Around Media,mt_websites
3dfebf7a4076718ac1d22ecf1e664c6536f72088,capitano,https://capitano.gr/,website,unknown,national,Iraklio,sports,operating,ok,https://www.facebook.com/Capitanogr-345752789242159/,https://twitter.com/Capitano_Sports,,OnMedia Digital MAE,mt_websites
7fad26030fa297c2bbb6467a622ec86ff71ccb4e,gazzetta,https://www.gazzetta.gr/,website,unknown,national,Attica,sports,operating,ok,https://www.facebook.com/gazzetta.gr/,https://twitter.com/gazzetta_gr,https://www.youtube.com/channel/UCCeuDI0Rmr41MByExC8PQ6Q,LIQUID PUBLISHING,mt_websites
87093af4b2031b7d4732c6682caabed9bd466ac6,allstarbasket,https://www.allstarbasket.gr/,website,unknown,national,Attica,sports,operating,ok,https://www.facebook.com/AllStarBasket,https://x.com/AllStar_Mag,https://www.youtube.com/@allstarbasket565,DIRECTION BUSINESS NETWORK,mt_websites
dc49a7e26a7a4239a28255cd4edd4413668dfa33,paok24,https://www.paok24.com/,website,unknown,national,Attica,sports,operating,ok,,,,paok24,mt_websites
a2279f47c5cd589a5ca9ead5f5d1dcf6c36603b5,athletic,https://www.athletic.gr/live-radio,website,unknown,national,Iraklio,sports,operating,ok,,,,PR MEDIA ΜΟΝΟΠΡΟΣΩΠΗ ΙΚΕ,mt_websites
089362257ca3433187070a986624620b84b990a2,gentikoule,https://www.gentikoule.gr/,website,unknown,national,Iraklio,sports,operating,ok,https://www.facebook.com/gentikoule.gr,https://x.com/Gentikoule1,https://www.youtube.com/ofigentikoule,PR MEDIA ΜΟΝΟΠΡΟΣΩΠΗ ΙΚΕ,mt_websites
25c4972c24157cebd71bf98bee04201e9bbe4e73,grandsport,https://grandsport.gr,website,unknown,national,Iraklio,sports,operating,ok,https://www.facebook.com/GRANDSPORTGR/?locale=el_GR,,https://grandsport.gr/#,GRANDSPORT,mt_websites
d75fee7b047c8d912e188201a520ab8dd68ece0f,corfusports,https://www.corfusports.com/,website,unknown,national,Corfu,sports,operating,ok,https://www.facebook.com/corfusports/,,,,mt_websites
53d29afabbde8d8cde3f5e4fdde29a2d1c174753,metrosport,https://metrosport.gr/,website,unknown,national,Thessaloniki,sports,operating,ok,https://www.facebook.com/metrosport.gr,https://twitter.com/metrosportgr_,https://www.youtube.com/user/Metropolis955,METROMEDIA,mt_websites
30deacd6fb6da0b016fd91e9494c743b4c1fd7ab,sport-fm,https://www.sport-fm.gr/,website,unknown,national,Attica,sports,operating,ok,https://www.facebook.com/SPORFMOFFICIAL/,https://twitter.com/sporfm946,https://www.youtube.com/user/NovaSPORFM946,ΟΡΓΑΝΙΣΜΟΣ ΜΕΣΩΝ ΜΑΖΙΚΗΣ ΕΠΙΚΟΙΝΩΝΙΑΣ Α.Ε.,mt_websites
ce3e19a8fbeebc0854cdaaaec7704e064e0c4d95,hisports,https://hisports.gr/,website,unknown,national,Aitoloakarnania,sports,operating,ok,https://www.facebook.com/hisportsgr,,https://www.youtube.com/channel/UCeU-4PVUXcgRQl-BG2QcMaw,,mt_websites
efab761a9d602d5e501b3db3d0c2d6b1ff66a885,kavalasports,https://www.kavalasports.gr/,website,unknown,national,Kavala,sports,operating,ok,https://www.facebook.com/kavalanews.gr,https://x.com/kavalanews,https://www.youtube.com/kavalanews,DIGITAL PUBLIC ΜΟΝΟΠΡΟΣΩΠΗ ΙΚΕ,mt_websites
93f46525d19ac637d1ddfff695ee2912abada6a8,sdna,https://www.sdna.gr/,website,unknown,national,Attica,sports,operating,ok,https://www.facebook.com/www.sdna.gr,https://twitter.com/sdnagr,https://www.youtube.com/channel/UCqmlP6T_3yoFj83s3UconPQ,PARALOT MEDIA AND MARKETING LIMITED,mt_websites
8de391ffa7899eed02638d588bd698216e002750,kerkidasport,https://kerkidasport.gr/,website,unknown,national,Imathia,sports,operating,ok,https://www.facebook.com/kerkidasport/,https://x.com/kerkidasport,https://www.youtube.com/user/kerkidasport,,mt_websites
f336a383bdbe9f8da0f2112631c645487c089be2,forzaonline,https://www.forzaonline.gr/news/,website,unknown,national,Thessaloniki,sports,operating,ok,https://www.facebook.com/FORZAPlus,,https://www.youtube.com/channel/UCp1Sw6sArV8oWGE9XHQeGhg,FORZA GROUP ΕΚΔΟΣΕΙΣ,mt_websites
19ce2c95be6cb0a7a022bffc11fba95204a01cea,novasports,https://www.novasports.gr/,website,unknown,national,Attica,sports,operating,ok,,,,NOVA Μ.Α.Ε.,mt_websites
fcf5795b5aa686ca3d3560d217655c23ce0feffa,allaboutaris,https://allaboutaris.gr/,website,unknown,national,Thessaloniki,sports,operating,ok,https://www.facebook.com/AllAboutARIS/?locale=el_GR,https://x.com/AllAboutARIS,https://www.youtube.com/channel/UCiN6Dd38C-lmS0s9Asuy5FA,ALL ABOUT WEB,mt_websites
96e9c0fa83e42e45e5a23849ba2f6a3376b62ada,sportal,https://www.sportal.gr/,website,unknown,national,Attica,sports,operating,ok,https://www.facebook.com/sportalgreece,https://twitter.com/SportalgrG,https://www.youtube.com/channel/UCMVkJNLEm8gsHjA3rIfm61g,sportal.gr,mt_websites
eb2515896240f5834214bf8b49b4ca4bacf5d7a7,sportlesvos,https://sportlesvos.gr/,website,unknown,national,Lesvos,sports,operating,ok,https://www.facebook.com/sportlesvos.gr,https://x.com/SportLesvosGR,https://www.youtube.com/@sportlesvos,ΕΝΗΜΕΡΩΣΗ,mt_websites
e93aeeee8a0c62c7bd0530a43a4f015e2431a331,to10,https://www.to10.gr/,website,unknown,national,Attica,sports,operating,ok,https://www.facebook.com/to10.gr,https://twitter.com/to10gr,,,manual_independent
