canonical_url,domain,outlet_count,outlet_ids,outlet_names,media_types,owners,prefectures,source_names,has_manual,fb_any,x_any,youtube_any,has_tv,has_radio,has_newspaper,has_website_entity,web_native
https://agriniara.gr,agriniara.gr,1,['8c26c8ca85bcaa72b1aa94b6f16ff2569c2c2621'],['agriniara'],['website'],['All Around Media'],['Aitoloakarnania'],['mt_websites'],False,https://www.facebook.com/agriniaragr,https://x.com/agriniaragr,https://www.youtube.com/channel/UCRsGvMmH2HTVWVyDyqUQFOg,False,False,False,True,True
https://allaboutaris.gr,allaboutaris.gr,1,['fcf5795b5aa686ca3d3560d217655c23ce0feffa'],['allaboutaris'],['website'],['ALL ABOUT WEB'],['Thessaloniki'],['mt_websites'],False,https://www.facebook.com/AllAboutARIS/?locale=el_GR,https://x.com/AllAboutARIS,https://www.youtube.com/channel/UCiN6Dd38C-lmS0s9Asuy5FA,False,False,False,True,True
https://allstarbasket.gr,allstarbasket.gr,1,['87093af4b2031b7d4732c6682caabed9bd466ac6'],['allstarbasket'],['website'],['DIRECTION BUSINESS NETWORK'],['Attica'],['mt_websites'],False,https://www.facebook.com/AllStarBasket,https://x.com/AllStar_Mag,https://www.youtube.com/@allstarbasket565,False,False,False,True,True
https://athletic.gr,athletic.gr,1,['a2279f47c5cd589a5ca9ead5f5d1dcf6c36603b5'],['athletic'],['website'],['PR MEDIA ΜΟΝΟΠΡΟΣΩΠΗ ΙΚΕ'],['Iraklio'],['mt_websites'],False,,,,False,False,False,True,True
https://capitano.gr,capitano.gr,1,['3dfebf7a4076718ac1d22ecf1e664c6536f72088'],['capitano'],['website'],['OnMedia Digital MAE'],['Iraklio'],['mt_websites'],False,https://www.facebook.com/Capitanogr-345752789242159/,https://twitter.com/Capitano_Sports,,False,False,False,True,True
https://contra.gr,contra.gr,1,['107c99bf59ab55717a93302faa4723e1c58edc5d'],['contra'],['website'],['24 MEDIA Α.Ε ΨΗΦΙΑΚΩΝ ΕΦΑΡΜΟΓΩΝ'],['Attica'],['mt_websites'],False,https://www.facebook.com/contragr/,https://x.com/Contragr,,False,False,False,True,True
https://corfusports.com,corfusports.com,1,['d75fee7b047c8d912e188201a520ab8dd68ece0f'],['corfusports'],['website'],[],['Corfu'],['mt_websites'],False,https://www.facebook.com/corfusports/,,,False,False,False,True,True
https://elladafm.gr,elladafm.gr,1,['654740b0dbed629ddd40a91fc2a11011e5ff4c18'],"['ΕΛΛΑΔΑ FM 94,3']",['radio'],['HELLAS MEDIA GROUP IKE (ΠΡΩΗΝ ΡΑΔΙΟ ΑΤΤΙΚΗΣ ΠΡΩΤΟ ΠΛΑΝΟ ΙΚΕ)\nΑ ΓΕΜΗ 134207708000\nΝΟΜΙΜΟΣ ΕΚΠΡΟΣΩΠΟΣ: ΕΛΕΝΗ ΖΩΗ'],['Attica'],['esr_radio'],False,https://www.facebook.com/ellada943fm,,,False,True,False,False,False
https://forzaonline.gr,forzaonline.gr,1,['f336a383bdbe9f8da0f2112631c645487c089be2'],['forzaonline'],['website'],['FORZA GROUP ΕΚΔΟΣΕΙΣ'],['Thessaloniki'],['mt_websites'],False,https://www.facebook.com/FORZAPlus,,https://www.youtube.com/channel/UCp1Sw6sArV8oWGE9XHQeGhg,False,False,False,True,True
https://fosonline.gr,fosonline.gr,2,"['16efa57f8afae587cdbf52036bfc5f0d558c7173', 'ceecdaf8432e340f9b256d6310ba738f4e2583e1']","['ΤΟ ΦΩΣ ΤΗΣ ΔΕΥΤΕΡΑΣ', 'ΤΟ ΦΩΣ ΤΩΝ ΣΠΟΡ']",['newspaper'],['ΤΟ ΦΩΣ ΤΩΝ ΣΠΟΡ-ΤΟ ΦΩΣ ΤΗΣ ΔΕΥΤΕΡΑΣ'],['Attica'],['mt_press'],False,https://www.facebook.com/FosTonSport/,https://twitter.com/fostonsport,https://twitter.com/fostonsport,False,False,True,False,False
https://gazzetta.gr,gazzetta.gr,1,['7fad26030fa297c2bbb6467a622ec86ff71ccb4e'],['gazzetta'],['website'],['LIQUID PUBLISHING'],['Attica'],['mt_websites'],False,https://www.facebook.com/gazzetta.gr/,https://twitter.com/gazzetta_gr,https://www.youtube.com/channel/UCCeuDI0Rmr41MByExC8PQ6Q,False,False,False,True,True
https://gentikoule.gr,gentikoule.gr,1,['089362257ca3433187070a986624620b84b990a2'],['gentikoule'],['website'],['PR MEDIA ΜΟΝΟΠΡΟΣΩΠΗ ΙΚΕ'],['Iraklio'],['mt_websites'],False,https://www.facebook.com/gentikoule.gr,https://x.com/Gentikoule1,https://www.youtube.com/ofigentikoule,False,False,False,True,True
https://grandsport.gr,grandsport.gr,1,['25c4972c24157cebd71bf98bee04201e9bbe4e73'],['grandsport'],['website'],['GRANDSPORT'],['Iraklio'],['mt_websites'],False,https://www.facebook.com/GRANDSPORTGR/?locale=el_GR,,https://grandsport.gr/#,False,False,False,True,True
https://hisports.gr,hisports.gr,1,['ce3e19a8fbeebc0854cdaaaec7704e064e0c4d95'],['hisports'],['website'],[],['Aitoloakarnania'],['mt_websites'],False,https://www.facebook.com/hisportsgr,,https://www.youtube.com/channel/UCeU-4PVUXcgRQl-BG2QcMaw,False,False,False,True,True
https://kavalasports.gr,kavalasports.gr,1,['efab761a9d602d5e501b3db3d0c2d6b1ff66a885'],['kavalasports'],['website'],['DIGITAL PUBLIC ΜΟΝΟΠΡΟΣΩΠΗ ΙΚΕ'],['Kavala'],['mt_websites'],False,https://www.facebook.com/kavalanews.gr,https://x.com/kavalanews,https://www.youtube.com/kavalanews,False,False,False,True,True
https://kerkidasport.gr,kerkidasport.gr,1,['8de391ffa7899eed02638d588bd698216e002750'],['kerkidasport'],['website'],[],['Imathia'],['mt_websites'],False,https://www.facebook.com/kerkidasport/,https://x.com/kerkidasport,https://www.youtube.com/user/kerkidasport,False,False,False,True,True
https://matchnews.gr,matchnews.gr,1,['0aaeef8e90c3ed95d330ca13686e3c81561c3561'],['MATCH ΑΧΑΙΑΣ'],['newspaper'],['MIKAD'],['Achaia'],['mt_press'],False,http://www.facebook.com/matchnews.gr,http://www.twitter.com/matchaxaias,,False,False,True,False,False
https://metrosport.gr,metrosport.gr,1,['53d29afabbde8d8cde3f5e4fdde29a2d1c174753'],['metrosport'],['website'],['METROMEDIA'],['Thessaloniki'],['mt_websites'],False,https://www.facebook.com/metrosport.gr,https://twitter.com/metrosportgr_,https://www.youtube.com/user/Metropolis955,False,False,False,True,True
https://monobala.gr,monobala.gr,1,['bf9338b9888324d156e441463fd51f8f52710e0c'],['monobala'],['website'],['FOOTBALL NEWS'],['Attica'],['mt_websites'],False,https://www.facebook.com/monobala.gr/,https://twitter.com/monobalaGR,https://www.youtube.com/@monobalaGR,False,False,False,True,True
https://mysports.gr,mysports.gr,1,['6dd507f281438f737792893c42fe1fbbe54fdad0'],['mysports'],['website'],['JK MEDIA GROUP'],['Thessaloniki'],['mt_websites'],False,,,,False,False,False,True,True
https://novasports.gr,novasports.gr,1,['19ce2c95be6cb0a7a022bffc11fba95204a01cea'],['novasports'],['website'],['NOVA Μ.Α.Ε.'],['Attica'],['mt_websites'],False,,,,False,False,False,True,True
https://onsports.gr,onsports.gr,1,['90914ab5720befff0f7e8d1d641e9ee8e55481e5'],['onsports'],['website'],[],['Attica'],['mt_websites'],False,,,,False,False,False,True,True
https://oraspor.gr,oraspor.gr,1,['ac07bb599db8db6cb42006517d8525baf34b0b62'],['ΑΘΛΗΤΙΚΗ ΩΡΑ ΤΩΝ ΣΠΟΡ'],['newspaper'],['ΕΛΛΗΝΙΚΟΣ ΤΥΠΟΣ ΕΠΕ'],['Attica'],['mt_press'],False,https://www.facebook.com/Oragiaspor/,,,False,False,True,False,False
https://paok24.com,paok24.com,1,['dc49a7e26a7a4239a28255cd4edd4413668dfa33'],['paok24'],['website'],['paok24'],['Attica'],['mt_websites'],False,,,,False,False,False,True,True
https://sdna.gr,sdna.gr,1,['93f46525d19ac637d1ddfff695ee2912abada6a8'],['sdna'],['website'],['PARALOT MEDIA AND MARKETING LIMITED'],['Attica'],['mt_websites'],False,https://www.facebook.com/www.sdna.gr,https://twitter.com/sdnagr,https://www.youtube.com/channel/UCqmlP6T_3yoFj83s3UconPQ,False,False,False,True,True
https://sport-fm.gr,sport-fm.gr,1,['30deacd6fb6da0b016fd91e9494c743b4c1fd7ab'],['sport-fm'],['website'],['ΟΡΓΑΝΙΣΜΟΣ ΜΕΣΩΝ ΜΑΖΙΚΗΣ ΕΠΙΚΟΙΝΩΝΙΑΣ Α.Ε.'],['Attica'],['mt_websites'],False,https://www.facebook.com/SPORFMOFFICIAL/,https://twitter.com/sporfm946,https://www.youtube.com/user/NovaSPORFM946,False,False,False,True,True
https://sport24.gr,sport24.gr,1,['d5c7bb2024acd1c5a7d3c81dbb9bc82e37e8b549'],['sport24'],['website'],['24 MEDIA Α.Ε ΨΗΦΙΑΚΩΝ ΕΦΑΡΜΟΓΩΝ'],['Attica'],['mt_websites'],False,https://www.facebook.com/SPORT24/,https://twitter.com/sport24,https://www.youtube.com/@sport24greecetv?sub_confirmation=1,False,False,False,True,True
https://sportal.gr,sportal.gr,1,['96e9c0fa83e42e45e5a23849ba2f6a3376b62ada'],['sportal'],['website'],['sportal.gr'],['Attica'],['mt_websites'],False,https://www.facebook.com/sportalgreece,https://twitter.com/SportalgrG,https://www.youtube.com/channel/UCMVkJNLEm8gsHjA3rIfm61g,False,False,False,True,True
https://sportday.gr,sportday.gr,1,['20845fb9dd0dbda38233c0e17cefaa5d7a09cb22'],['sportday'],['website'],['NEWAGE SPORTSMEDIA A.E.'],['Attica'],['mt_websites'],False,https://www.facebook.com/sportdaygr/,https://x.com/sportdaygr,https://www.youtube.com/@sportday3064,False,False,False,True,True
https://sportdog.gr,sportdog.gr,1,['6501ef74e055f838bf7eba2fffc41f72bb81d08c'],['sportdog'],['website'],['SPORTDOG ΜΟΝΟΠΡΟΣΩΠΗ Ι.Κ.Ε.'],['Attica'],['mt_websites'],False,https://www.facebook.com/sportdog,https://twitter.com/sportdoggr?lang=en,https://www.youtube.com/user/sportdogchannel?app=desktop,False,False,False,True,True
https://sportfmpatras.gr,sportfmpatras.gr,1,['daffbd32514489d5ca1e128a07ea52e4581f61ad'],"['SPOR FM ΠΑΤΡΑΣ 96,3']",['radio'],['ΜΑΡΙΑ ΚΑΡΑΓΕΩΡΓΟΠΟΥΛΟΥ'],['Achaia'],['esr_radio'],False,https://www.facebook.com/sportfmpatras96.3,https://x.com/SportFM_Patras,https://www.youtube.com/@sportfmpatras,False,True,False,False,False
https://sportlesvos.gr,sportlesvos.gr,1,['eb2515896240f5834214bf8b49b4ca4bacf5d7a7'],['sportlesvos'],['website'],['ΕΝΗΜΕΡΩΣΗ'],['Lesvos'],['mt_websites'],False,https://www.facebook.com/sportlesvos.gr,https://x.com/SportLesvosGR,https://www.youtube.com/@sportlesvos,False,False,False,True,True
https://to10.gr,to10.gr,1,['e93aeeee8a0c62c7bd0530a43a4f015e2431a331'],['to10'],['website'],[],['Attica'],['manual_independent'],True,https://www.facebook.com/to10.gr,https://twitter.com/to10gr,,False,False,False,True,True
